INSERT INTO Customers (id, lastName, firstName) VALUES (1,  'LOGAN',  'JULIET');
INSERT INTO Customers (id, lastName, firstName) VALUES (2,  'ARZT',  'TERRELL');
INSERT INTO Customers (id, lastName, firstName) VALUES (3,  'ESPOSITA',  'TRAVIS');
INSERT INTO Customers (id, lastName, firstName) VALUES (4,  'ENGLEY',  'SIXTA');
INSERT INTO Customers (id, lastName, firstName) VALUES (5,  'DUNLOW',  'OSVALDO');
INSERT INTO Customers (id, lastName, firstName) VALUES (6,  'SLINGLAND',  'JOSETTE');
INSERT INTO Customers (id, lastName, firstName) VALUES (7,  'TOUSSAND',  'SHARRON');
INSERT INTO Customers (id, lastName, firstName) VALUES (8,  'HELING',  'RUPERT');
INSERT INTO Customers (id, lastName, firstName) VALUES (9,  'HAFFERKAMP',  'CUC');
INSERT INTO Customers (id, lastName, firstName) VALUES (10,  'DUKELOW',  'CORETTA');
INSERT INTO Customers (id, lastName, firstName) VALUES (11,  'STADICK',  'MIGDALIA');
INSERT INTO Customers (id, lastName, firstName) VALUES (12,  'MCMAHAN',  'MELLIE');
INSERT INTO Customers (id, lastName, firstName) VALUES (13,  'ARNN',  'KIP');
INSERT INTO Customers (id, lastName, firstName) VALUES (14,  'SOPKO',  'RAYFORD');
INSERT INTO Customers (id, lastName, firstName) VALUES (15,  'CALLENDAR',  'DAVID');
INSERT INTO Customers (id, lastName, firstName) VALUES (16,  'CRUZEN',  'ARIANE');
INSERT INTO Customers (id, lastName, firstName) VALUES (17,  'MESDAQ',  'CHARLENE');
INSERT INTO Customers (id, lastName, firstName) VALUES (18,  'DOMKOWSKI',  'ALMETA');
INSERT INTO Customers (id, lastName, firstName) VALUES (19,  'STENZ',  'NATACHA');
INSERT INTO Customers (id, lastName, firstName) VALUES (20,  'ZEME',  'STEPHEN');
INSERT INTO Goods (id, flavor, food, price) VALUES ('20-BC-C-10', 'Chocolate', 'Cake', 8.95);
INSERT INTO Goods (id, flavor, food, price) VALUES ('20-BC-L-10', 'Lemon', 'Cake', 8.95);
INSERT INTO Goods (id, flavor, food, price) VALUES ('20-CA-7.5', 'Casino', 'Cake', 15.95);
INSERT INTO Goods (id, flavor, food, price) VALUES ('24-8x10', 'Opera', 'Cake', 15.95);
INSERT INTO Goods (id, flavor, food, price) VALUES ('25-STR-9', 'Strawberry', 'Cake', 11.95);
INSERT INTO Goods (id, flavor, food, price) VALUES ('26-8x10', 'Truffle', 'Cake', 15.95);
INSERT INTO Goods (id, flavor, food, price) VALUES ('45-CH', 'Chocolate', 'Eclair', 3.25);
INSERT INTO Goods (id, flavor, food, price) VALUES ('45-CO', 'Coffee', 'Eclair', 3.5);
INSERT INTO Goods (id, flavor, food, price) VALUES ('45-VA', 'Vanilla', 'Eclair', 3.25);
INSERT INTO Goods (id, flavor, food, price) VALUES ('46-11', 'Napoleon', 'Cake', 13.49);
INSERT INTO Goods (id, flavor, food, price) VALUES ('90-ALM-I', 'Almond', 'Tart', 3.75);
INSERT INTO Goods (id, flavor, food, price) VALUES ('90-APIE-10', 'Apple', 'Pie', 5.25);
INSERT INTO Goods (id, flavor, food, price) VALUES ('90-APP-11', 'Apple', 'Tart', 3.25);
INSERT INTO Goods (id, flavor, food, price) VALUES ('90-APR-PF', 'Apricot', 'Tart', 3.25);
INSERT INTO Goods (id, flavor, food, price) VALUES ('90-BER-11', 'Berry', 'Tart', 3.25);
INSERT INTO Goods (id, flavor, food, price) VALUES ('90-BLK-PF', 'Blackberry', 'Tart', 3.25);
INSERT INTO Goods (id, flavor, food, price) VALUES ('90-BLU-11', 'Blueberry', 'Tart', 3.25);
INSERT INTO Goods (id, flavor, food, price) VALUES ('90-CH-PF', 'Chocolate', 'Tart', 3.75);
INSERT INTO Goods (id, flavor, food, price) VALUES ('90-CHR-11', 'Cherry', 'Tart', 3.25);
INSERT INTO Goods (id, flavor, food, price) VALUES ('90-LEM-11', 'Lemon', 'Tart', 3.25);
INSERT INTO Goods (id, flavor, food, price) VALUES ('90-PEC-11', 'Pecan', 'Tart', 3.75);
INSERT INTO Goods (id, flavor, food, price) VALUES ('70-GA', 'Ganache', 'Cookie', 1.15);
INSERT INTO Goods (id, flavor, food, price) VALUES ('70-GON', 'Gongolais', 'Cookie', 1.15);
INSERT INTO Goods (id, flavor, food, price) VALUES ('70-R', 'Raspberry', 'Cookie', 1.09);
INSERT INTO Goods (id, flavor, food, price) VALUES ('70-LEM', 'Lemon', 'Cookie', 0.79);
INSERT INTO Goods (id, flavor, food, price) VALUES ('70-M-CH-DZ', 'Chocolate', 'Meringue', 1.25);
INSERT INTO Goods (id, flavor, food, price) VALUES ('70-M-VA-SM-DZ', 'Vanilla', 'Meringue', 1.15);
INSERT INTO Goods (id, flavor, food, price) VALUES ('70-MAR', 'Marzipan', 'Cookie', 1.25);
INSERT INTO Goods (id, flavor, food, price) VALUES ('70-TU', 'Tuile', 'Cookie', 1.25);
INSERT INTO Goods (id, flavor, food, price) VALUES ('70-W', 'Walnut', 'Cookie', 0.79);
INSERT INTO Goods (id, flavor, food, price) VALUES ('50-ALM', 'Almond', 'Croissant', 1.45);
INSERT INTO Goods (id, flavor, food, price) VALUES ('50-APP', 'Apple', 'Croissant', 1.45);
INSERT INTO Goods (id, flavor, food, price) VALUES ('50-APR', 'Apricot', 'Croissant', 1.45);
INSERT INTO Goods (id, flavor, food, price) VALUES ('50-CHS', 'Cheese', 'Croissant', 1.75);
INSERT INTO Goods (id, flavor, food, price) VALUES ('50-CH', 'Chocolate', 'Croissant', 1.75);
INSERT INTO Goods (id, flavor, food, price) VALUES ('51-APR', 'Apricot', 'Danish', 1.15);
INSERT INTO Goods (id, flavor, food, price) VALUES ('51-APP', 'Apple', 'Danish', 1.15);
INSERT INTO Goods (id, flavor, food, price) VALUES ('51-ATW', 'Almond', 'Twist', 1.15);
INSERT INTO Goods (id, flavor, food, price) VALUES ('51-BC', 'Almond', 'Bear Claw', 1.95);
INSERT INTO Goods (id, flavor, food, price) VALUES ('51-BLU', 'Blueberry', 'Danish', 1.15);
INSERT INTO Items (receipt, ordinal, item) VALUES (18129,  1,   '70-TU');
INSERT INTO Items (receipt, ordinal, item) VALUES (51991,  1,   '90-APIE-10');
INSERT INTO Items (receipt, ordinal, item) VALUES (51991,  2,   '90-CH-PF');
INSERT INTO Items (receipt, ordinal, item) VALUES (51991,  3,   '90-APP-11');
INSERT INTO Items (receipt, ordinal, item) VALUES (51991,  4,   '26-8x10');
INSERT INTO Items (receipt, ordinal, item) VALUES (83085,  1,   '25-STR-9');
INSERT INTO Items (receipt, ordinal, item) VALUES (83085,  2,   '24-8x10');
INSERT INTO Items (receipt, ordinal, item) VALUES (83085,  3,   '90-APR-PF');
INSERT INTO Items (receipt, ordinal, item) VALUES (83085,  4,   '51-ATW');
INSERT INTO Items (receipt, ordinal, item) VALUES (83085,  5,   '26-8x10');
INSERT INTO Items (receipt, ordinal, item) VALUES (70723,  1,   '45-CO');
INSERT INTO Items (receipt, ordinal, item) VALUES (13355,  1,   '24-8x10');
INSERT INTO Items (receipt, ordinal, item) VALUES (13355,  2,   '70-LEM');
INSERT INTO Items (receipt, ordinal, item) VALUES (13355,  3,   '46-11');
INSERT INTO Items (receipt, ordinal, item) VALUES (52761,  1,   '90-ALM-I');
INSERT INTO Items (receipt, ordinal, item) VALUES (52761,  2,   '26-8x10');
INSERT INTO Items (receipt, ordinal, item) VALUES (52761,  3,   '50-CHS');
INSERT INTO Items (receipt, ordinal, item) VALUES (52761,  4,   '90-BLK-PF');
INSERT INTO Items (receipt, ordinal, item) VALUES (52761,  5,   '90-ALM-I');
INSERT INTO Items (receipt, ordinal, item) VALUES (99002,  1,   '50-CHS');
INSERT INTO Items (receipt, ordinal, item) VALUES (99002,  2,   '45-VA');
INSERT INTO Items (receipt, ordinal, item) VALUES (58770,  1,   '50-CHS');
INSERT INTO Items (receipt, ordinal, item) VALUES (58770,  2,   '46-11');
INSERT INTO Items (receipt, ordinal, item) VALUES (58770,  3,   '45-CH');
INSERT INTO Items (receipt, ordinal, item) VALUES (58770,  4,   '20-CA-7.5');
INSERT INTO Items (receipt, ordinal, item) VALUES (84665,  1,   '90-BER-11');
INSERT INTO Items (receipt, ordinal, item) VALUES (55944,  1,   '20-CA-7.5');
INSERT INTO Items (receipt, ordinal, item) VALUES (55944,  2,   '90-LEM-11');
INSERT INTO Items (receipt, ordinal, item) VALUES (55944,  3,   '70-R');
INSERT INTO Items (receipt, ordinal, item) VALUES (55944,  4,   '70-R');
INSERT INTO Items (receipt, ordinal, item) VALUES (55944,  5,   '50-CHS');
INSERT INTO Items (receipt, ordinal, item) VALUES (42166,  1,   '70-M-VA-SM-DZ');
INSERT INTO Items (receipt, ordinal, item) VALUES (16034,  1,   '46-11');
INSERT INTO Items (receipt, ordinal, item) VALUES (16034,  2,   '26-8x10');
INSERT INTO Items (receipt, ordinal, item) VALUES (16034,  3,   '45-CH');
INSERT INTO Items (receipt, ordinal, item) VALUES (16034,  4,   '70-R');
INSERT INTO Items (receipt, ordinal, item) VALUES (16034,  5,   '46-11');
INSERT INTO Items (receipt, ordinal, item) VALUES (25906,  1,   '25-STR-9');
INSERT INTO Items (receipt, ordinal, item) VALUES (27741,  1,   '90-BLK-PF');
INSERT INTO Items (receipt, ordinal, item) VALUES (27741,  2,   '51-BC');
INSERT INTO Items (receipt, ordinal, item) VALUES (27741,  3,   '90-APR-PF');
INSERT INTO Items (receipt, ordinal, item) VALUES (64451,  1,   '90-BER-11');
INSERT INTO Items (receipt, ordinal, item) VALUES (64451,  2,   '51-BC');
INSERT INTO Items (receipt, ordinal, item) VALUES (64451,  3,   '24-8x10');
INSERT INTO Items (receipt, ordinal, item) VALUES (64451,  4,   '90-BLK-PF');
INSERT INTO Items (receipt, ordinal, item) VALUES (41028,  1,   '90-BER-11');
INSERT INTO Items (receipt, ordinal, item) VALUES (73716,  1,   '90-PEC-11');
INSERT INTO Items (receipt, ordinal, item) VALUES (73716,  2,   '90-ALM-I');
INSERT INTO Items (receipt, ordinal, item) VALUES (73716,  3,   '70-LEM');
INSERT INTO Items (receipt, ordinal, item) VALUES (73716,  4,   '50-CH');
INSERT INTO Items (receipt, ordinal, item) VALUES (76667,  1,   '70-GON');
INSERT INTO Items (receipt, ordinal, item) VALUES (76667,  2,   '90-LEM-11');
INSERT INTO Items (receipt, ordinal, item) VALUES (21040,  1,   '70-R');
INSERT INTO Items (receipt, ordinal, item) VALUES (21040,  2,   '20-BC-L-10');
INSERT INTO Items (receipt, ordinal, item) VALUES (21040,  3,   '90-CH-PF');
INSERT INTO Items (receipt, ordinal, item) VALUES (48332,  1,   '70-GA');
INSERT INTO Items (receipt, ordinal, item) VALUES (48332,  2,   '70-R');
INSERT INTO Items (receipt, ordinal, item) VALUES (35011,  1,   '50-CHS');
INSERT INTO Items (receipt, ordinal, item) VALUES (95962,  1,   '90-APR-PF');
INSERT INTO Items (receipt, ordinal, item) VALUES (95962,  2,   '90-CHR-11');
INSERT INTO Items (receipt, ordinal, item) VALUES (95962,  3,   '50-CH');
INSERT INTO Items (receipt, ordinal, item) VALUES (95962,  4,   '45-VA');
INSERT INTO Items (receipt, ordinal, item) VALUES (44798,  1,   '90-APR-PF');
INSERT INTO Items (receipt, ordinal, item) VALUES (44798,  2,   '90-CH-PF');
INSERT INTO Items (receipt, ordinal, item) VALUES (44798,  3,   '90-APIE-10');
INSERT INTO Items (receipt, ordinal, item) VALUES (44798,  4,   '90-APP-11');
INSERT INTO Items (receipt, ordinal, item) VALUES (44798,  5,   '25-STR-9');
INSERT INTO Items (receipt, ordinal, item) VALUES (60270,  1,   '20-BC-L-10');
INSERT INTO Items (receipt, ordinal, item) VALUES (60270,  2,   '90-BLU-11');
INSERT INTO Items (receipt, ordinal, item) VALUES (21162,  1,   '90-APP-11');
INSERT INTO Items (receipt, ordinal, item) VALUES (21162,  2,   '70-TU');
INSERT INTO Items (receipt, ordinal, item) VALUES (21162,  3,   '90-APR-PF');
INSERT INTO Items (receipt, ordinal, item) VALUES (77406,  1,   '51-ATW');
INSERT INTO Items (receipt, ordinal, item) VALUES (77406,  2,   '90-BLK-PF');
INSERT INTO Items (receipt, ordinal, item) VALUES (77406,  3,   '50-APR');
INSERT INTO Items (receipt, ordinal, item) VALUES (77406,  4,   '50-APR');
INSERT INTO Items (receipt, ordinal, item) VALUES (77406,  5,   '24-8x10');
INSERT INTO Items (receipt, ordinal, item) VALUES (32565,  1,   '50-APP');
INSERT INTO Items (receipt, ordinal, item) VALUES (32565,  2,   '50-APP');
INSERT INTO Items (receipt, ordinal, item) VALUES (32565,  3,   '45-VA');
INSERT INTO Items (receipt, ordinal, item) VALUES (36343,  1,   '51-BC');
INSERT INTO Items (receipt, ordinal, item) VALUES (36343,  2,   '51-BC');
INSERT INTO Items (receipt, ordinal, item) VALUES (36343,  3,   '70-M-VA-SM-DZ');
INSERT INTO Items (receipt, ordinal, item) VALUES (36343,  4,   '50-ALM');
INSERT INTO Items (receipt, ordinal, item) VALUES (96619,  1,   '90-BLK-PF');
INSERT INTO Items (receipt, ordinal, item) VALUES (86678,  1,   '70-M-VA-SM-DZ');
INSERT INTO Items (receipt, ordinal, item) VALUES (86678,  2,   '90-LEM-11');
INSERT INTO Items (receipt, ordinal, item) VALUES (44330,  1,   '70-R');
INSERT INTO Items (receipt, ordinal, item) VALUES (44330,  2,   '90-BLU-11');
INSERT INTO Items (receipt, ordinal, item) VALUES (91937,  1,   '51-BC');
INSERT INTO Items (receipt, ordinal, item) VALUES (91937,  2,   '51-APR');
INSERT INTO Items (receipt, ordinal, item) VALUES (21545,  1,   '90-BER-11');
INSERT INTO Items (receipt, ordinal, item) VALUES (21545,  2,   '70-GA');
INSERT INTO Items (receipt, ordinal, item) VALUES (21545,  3,   '50-ALM');
INSERT INTO Items (receipt, ordinal, item) VALUES (21545,  4,   '90-BER-11');
INSERT INTO Items (receipt, ordinal, item) VALUES (21545,  5,   '45-VA');
INSERT INTO Items (receipt, ordinal, item) VALUES (29226,  1,   '90-PEC-11');
INSERT INTO Items (receipt, ordinal, item) VALUES (29226,  2,   '90-APIE-10');
INSERT INTO Items (receipt, ordinal, item) VALUES (29226,  3,   '51-BC');
INSERT INTO Items (receipt, ordinal, item) VALUES (29226,  4,   '70-W');
INSERT INTO Items (receipt, ordinal, item) VALUES (29226,  5,   '50-ALM');
INSERT INTO Items (receipt, ordinal, item) VALUES (25121,  1,   '50-CHS');
INSERT INTO Items (receipt, ordinal, item) VALUES (25121,  2,   '90-BER-11');
INSERT INTO Items (receipt, ordinal, item) VALUES (25121,  3,   '45-CH');
INSERT INTO Items (receipt, ordinal, item) VALUES (54935,  1,   '70-R');
INSERT INTO Items (receipt, ordinal, item) VALUES (54935,  2,   '45-CH');
INSERT INTO Items (receipt, ordinal, item) VALUES (36423,  1,   '45-VA');
INSERT INTO Items (receipt, ordinal, item) VALUES (83437,  1,   '90-LEM-11');
INSERT INTO Items (receipt, ordinal, item) VALUES (83437,  2,   '51-APR');
INSERT INTO Items (receipt, ordinal, item) VALUES (49854,  1,   '90-BER-11');
INSERT INTO Items (receipt, ordinal, item) VALUES (49854,  2,   '90-APP-11');
INSERT INTO Items (receipt, ordinal, item) VALUES (99994,  1,   '25-STR-9');
INSERT INTO Items (receipt, ordinal, item) VALUES (99994,  2,   '26-8x10');
INSERT INTO Items (receipt, ordinal, item) VALUES (99994,  3,   '90-PEC-11');
INSERT INTO Items (receipt, ordinal, item) VALUES (99994,  4,   '50-CH');
INSERT INTO Items (receipt, ordinal, item) VALUES (21622,  1,   '45-CO');
INSERT INTO Items (receipt, ordinal, item) VALUES (64861,  1,   '50-ALM');
INSERT INTO Items (receipt, ordinal, item) VALUES (64861,  2,   '46-11');
INSERT INTO Items (receipt, ordinal, item) VALUES (33456,  1,   '46-11');
INSERT INTO Items (receipt, ordinal, item) VALUES (33456,  2,   '90-BLK-PF');
INSERT INTO Items (receipt, ordinal, item) VALUES (75468,  1,   '70-M-CH-DZ');
INSERT INTO Items (receipt, ordinal, item) VALUES (75468,  2,   '70-M-CH-DZ');
INSERT INTO Items (receipt, ordinal, item) VALUES (75468,  3,   '90-CHR-11');
INSERT INTO Items (receipt, ordinal, item) VALUES (56365,  1,   '50-APR');
INSERT INTO Items (receipt, ordinal, item) VALUES (91192,  1,   '51-APP');
INSERT INTO Items (receipt, ordinal, item) VALUES (91192,  2,   '51-ATW');
INSERT INTO Items (receipt, ordinal, item) VALUES (91192,  3,   '50-APP');
INSERT INTO Items (receipt, ordinal, item) VALUES (82056,  1,   '90-APP-11');
INSERT INTO Items (receipt, ordinal, item) VALUES (82056,  2,   '50-CH');
INSERT INTO Items (receipt, ordinal, item) VALUES (82056,  3,   '90-BLK-PF');
INSERT INTO Items (receipt, ordinal, item) VALUES (82056,  4,   '45-CO');
INSERT INTO Items (receipt, ordinal, item) VALUES (27192,  1,   '70-R');
INSERT INTO Items (receipt, ordinal, item) VALUES (27192,  2,   '90-BLU-11');
INSERT INTO Items (receipt, ordinal, item) VALUES (27192,  3,   '70-TU');
INSERT INTO Items (receipt, ordinal, item) VALUES (59716,  1,   '51-APR');
INSERT INTO Items (receipt, ordinal, item) VALUES (59716,  2,   '70-MAR');
INSERT INTO Items (receipt, ordinal, item) VALUES (59716,  3,   '90-BLU-11');
INSERT INTO Items (receipt, ordinal, item) VALUES (59716,  4,   '45-CO');
INSERT INTO Items (receipt, ordinal, item) VALUES (59716,  5,   '90-APP-11');
INSERT INTO Items (receipt, ordinal, item) VALUES (82795,  1,   '90-APR-PF');
INSERT INTO Items (receipt, ordinal, item) VALUES (26240,  1,   '20-CA-7.5');
INSERT INTO Items (receipt, ordinal, item) VALUES (56724,  1,   '70-M-VA-SM-DZ');
INSERT INTO Items (receipt, ordinal, item) VALUES (70796,  1,   '45-CO');
INSERT INTO Items (receipt, ordinal, item) VALUES (70796,  2,   '20-BC-L-10');
INSERT INTO Items (receipt, ordinal, item) VALUES (70796,  3,   '45-CH');
INSERT INTO Items (receipt, ordinal, item) VALUES (70796,  4,   '90-BLU-11');
INSERT INTO Items (receipt, ordinal, item) VALUES (37636,  1,   '90-APR-PF');
INSERT INTO Items (receipt, ordinal, item) VALUES (37636,  2,   '90-CH-PF');
INSERT INTO Items (receipt, ordinal, item) VALUES (37636,  3,   '24-8x10');
INSERT INTO Items (receipt, ordinal, item) VALUES (63998,  1,   '70-M-VA-SM-DZ');
INSERT INTO Items (receipt, ordinal, item) VALUES (48981,  1,   '90-CHR-11');
INSERT INTO Items (receipt, ordinal, item) VALUES (48981,  2,   '50-CHS');
INSERT INTO Items (receipt, ordinal, item) VALUES (66704,  1,   '90-BER-11');
INSERT INTO Items (receipt, ordinal, item) VALUES (66704,  2,   '51-APR');
INSERT INTO Items (receipt, ordinal, item) VALUES (66704,  3,   '70-LEM');
INSERT INTO Items (receipt, ordinal, item) VALUES (12698,  1,   '51-APP');
INSERT INTO Items (receipt, ordinal, item) VALUES (12698,  2,   '70-R');
INSERT INTO Items (receipt, ordinal, item) VALUES (12698,  3,   '26-8x10');
INSERT INTO Items (receipt, ordinal, item) VALUES (79287,  1,   '90-PEC-11');
INSERT INTO Items (receipt, ordinal, item) VALUES (79287,  2,   '45-VA');
INSERT INTO Items (receipt, ordinal, item) VALUES (79287,  3,   '90-LEM-11');
INSERT INTO Items (receipt, ordinal, item) VALUES (79287,  4,   '90-APP-11');
INSERT INTO Items (receipt, ordinal, item) VALUES (79287,  5,   '51-BLU');
INSERT INTO Items (receipt, ordinal, item) VALUES (55690,  1,   '70-M-CH-DZ');
INSERT INTO Items (receipt, ordinal, item) VALUES (55690,  2,   '51-BLU');
INSERT INTO Items (receipt, ordinal, item) VALUES (55690,  3,   '90-APP-11');
INSERT INTO Items (receipt, ordinal, item) VALUES (94371,  1,   '51-BLU');
INSERT INTO Items (receipt, ordinal, item) VALUES (26148,  1,   '20-CA-7.5');
INSERT INTO Items (receipt, ordinal, item) VALUES (26148,  2,   '90-BLU-11');
INSERT INTO Items (receipt, ordinal, item) VALUES (26148,  3,   '51-BLU');
INSERT INTO Items (receipt, ordinal, item) VALUES (26148,  4,   '70-M-CH-DZ');
INSERT INTO Items (receipt, ordinal, item) VALUES (11923,  1,   '70-LEM');
INSERT INTO Items (receipt, ordinal, item) VALUES (46598,  1,   '70-R');
INSERT INTO Items (receipt, ordinal, item) VALUES (46598,  2,   '70-W');
INSERT INTO Items (receipt, ordinal, item) VALUES (46598,  3,   '70-R');
INSERT INTO Items (receipt, ordinal, item) VALUES (76951,  1,   '51-BLU');
INSERT INTO Items (receipt, ordinal, item) VALUES (85858,  1,   '20-CA-7.5');
INSERT INTO Items (receipt, ordinal, item) VALUES (85858,  2,   '70-M-VA-SM-DZ');
INSERT INTO Items (receipt, ordinal, item) VALUES (85858,  3,   '51-BLU');
INSERT INTO Items (receipt, ordinal, item) VALUES (85881,  1,   '90-APP-11');
INSERT INTO Items (receipt, ordinal, item) VALUES (89937,  1,   '51-BLU');
INSERT INTO Items (receipt, ordinal, item) VALUES (89937,  2,   '51-BC');
INSERT INTO Items (receipt, ordinal, item) VALUES (89937,  3,   '90-BER-11');
INSERT INTO Items (receipt, ordinal, item) VALUES (89937,  4,   '70-R');
INSERT INTO Items (receipt, ordinal, item) VALUES (66227,  1,   '90-APP-11');
INSERT INTO Items (receipt, ordinal, item) VALUES (66227,  2,   '90-APIE-10');
INSERT INTO Items (receipt, ordinal, item) VALUES (66227,  3,   '70-MAR');
INSERT INTO Items (receipt, ordinal, item) VALUES (66227,  4,   '90-BLK-PF');
INSERT INTO Items (receipt, ordinal, item) VALUES (60240,  1,   '90-APP-11');
INSERT INTO Items (receipt, ordinal, item) VALUES (60240,  2,   '50-ALM');
INSERT INTO Items (receipt, ordinal, item) VALUES (86085,  1,   '50-APR');
INSERT INTO Items (receipt, ordinal, item) VALUES (86085,  2,   '50-APP');
INSERT INTO Items (receipt, ordinal, item) VALUES (86085,  3,   '90-APR-PF');
INSERT INTO Items (receipt, ordinal, item) VALUES (86085,  4,   '51-ATW');
INSERT INTO Items (receipt, ordinal, item) VALUES (67314,  1,   '51-BC');
INSERT INTO Items (receipt, ordinal, item) VALUES (67314,  2,   '50-CHS');
INSERT INTO Items (receipt, ordinal, item) VALUES (67314,  3,   '70-TU');
INSERT INTO Items (receipt, ordinal, item) VALUES (67314,  4,   '20-CA-7.5');
INSERT INTO Items (receipt, ordinal, item) VALUES (10013,  1,   '70-M-CH-DZ');
INSERT INTO Items (receipt, ordinal, item) VALUES (26741,  1,   '70-GA');
INSERT INTO Items (receipt, ordinal, item) VALUES (26741,  2,   '50-APP');
INSERT INTO Items (receipt, ordinal, item) VALUES (38157,  1,   '70-MAR');
INSERT INTO Items (receipt, ordinal, item) VALUES (38157,  2,   '90-CHR-11');
INSERT INTO Items (receipt, ordinal, item) VALUES (38157,  3,   '70-LEM');
INSERT INTO Items (receipt, ordinal, item) VALUES (38157,  4,   '90-CHR-11');
INSERT INTO Items (receipt, ordinal, item) VALUES (45873,  1,   '70-M-VA-SM-DZ');
INSERT INTO Items (receipt, ordinal, item) VALUES (37540,  1,   '45-CO');
INSERT INTO Items (receipt, ordinal, item) VALUES (37540,  2,   '51-APR');
INSERT INTO Items (receipt, ordinal, item) VALUES (11891,  1,   '45-CO');
INSERT INTO Items (receipt, ordinal, item) VALUES (11891,  2,   '50-APR');
INSERT INTO Items (receipt, ordinal, item) VALUES (11891,  3,   '46-11');
INSERT INTO Items (receipt, ordinal, item) VALUES (61797,  1,   '70-GON');
INSERT INTO Items (receipt, ordinal, item) VALUES (61797,  2,   '90-CH-PF');
INSERT INTO Items (receipt, ordinal, item) VALUES (61797,  3,   '70-M-VA-SM-DZ');
INSERT INTO Items (receipt, ordinal, item) VALUES (61797,  4,   '70-M-CH-DZ');
INSERT INTO Items (receipt, ordinal, item) VALUES (61797,  5,   '90-BER-11');
INSERT INTO Items (receipt, ordinal, item) VALUES (52369,  1,   '90-CHR-11');
INSERT INTO Items (receipt, ordinal, item) VALUES (52369,  2,   '70-TU');
INSERT INTO Items (receipt, ordinal, item) VALUES (96430,  1,   '90-PEC-11');
INSERT INTO Items (receipt, ordinal, item) VALUES (64301,  1,   '70-W');
INSERT INTO Items (receipt, ordinal, item) VALUES (64301,  2,   '51-APR');
INSERT INTO Items (receipt, ordinal, item) VALUES (64301,  3,   '90-BER-11');
INSERT INTO Items (receipt, ordinal, item) VALUES (45976,  1,   '24-8x10');
INSERT INTO Items (receipt, ordinal, item) VALUES (45976,  2,   '51-BC');
INSERT INTO Items (receipt, ordinal, item) VALUES (39605,  1,   '90-BER-11');
INSERT INTO Items (receipt, ordinal, item) VALUES (52013,  1,   '70-W');
INSERT INTO Items (receipt, ordinal, item) VALUES (52013,  2,   '50-ALM');
INSERT INTO Items (receipt, ordinal, item) VALUES (52013,  3,   '90-ALM-I');
INSERT INTO Items (receipt, ordinal, item) VALUES (52013,  4,   '90-APP-11');
INSERT INTO Items (receipt, ordinal, item) VALUES (88626,  1,   '90-APP-11');
INSERT INTO Items (receipt, ordinal, item) VALUES (53376,  1,   '51-APR');
INSERT INTO Items (receipt, ordinal, item) VALUES (53376,  2,   '90-CHR-11');
INSERT INTO Items (receipt, ordinal, item) VALUES (53376,  3,   '90-APIE-10');
INSERT INTO Items (receipt, ordinal, item) VALUES (53376,  4,   '46-11');
INSERT INTO Items (receipt, ordinal, item) VALUES (53376,  5,   '90-BLU-11');
INSERT INTO Items (receipt, ordinal, item) VALUES (15584,  1,   '70-LEM');
INSERT INTO Items (receipt, ordinal, item) VALUES (73437,  1,   '70-M-CH-DZ');
INSERT INTO Items (receipt, ordinal, item) VALUES (24200,  1,   '50-CHS');
INSERT INTO Items (receipt, ordinal, item) VALUES (92252,  1,   '70-GON');
INSERT INTO Items (receipt, ordinal, item) VALUES (92252,  2,   '51-ATW');
INSERT INTO Items (receipt, ordinal, item) VALUES (92252,  3,   '51-BLU');
INSERT INTO Items (receipt, ordinal, item) VALUES (92252,  4,   '45-VA');
INSERT INTO Items (receipt, ordinal, item) VALUES (92252,  5,   '70-M-VA-SM-DZ');
INSERT INTO Items (receipt, ordinal, item) VALUES (39685,  1,   '50-APP');
INSERT INTO Items (receipt, ordinal, item) VALUES (39685,  2,   '70-M-CH-DZ');
INSERT INTO Items (receipt, ordinal, item) VALUES (39685,  3,   '90-APR-PF');
INSERT INTO Items (receipt, ordinal, item) VALUES (39685,  4,   '90-APIE-10');
INSERT INTO Items (receipt, ordinal, item) VALUES (61378,  1,   '51-APR');
INSERT INTO Items (receipt, ordinal, item) VALUES (61378,  2,   '90-BLK-PF');
INSERT INTO Items (receipt, ordinal, item) VALUES (96761,  1,   '26-8x10');
INSERT INTO Items (receipt, ordinal, item) VALUES (96761,  2,   '70-LEM');
INSERT INTO Items (receipt, ordinal, item) VALUES (96761,  3,   '50-CHS');
INSERT INTO Items (receipt, ordinal, item) VALUES (96761,  4,   '50-CHS');
INSERT INTO Items (receipt, ordinal, item) VALUES (26198,  1,   '70-GA');
INSERT INTO Items (receipt, ordinal, item) VALUES (26198,  2,   '70-GON');
INSERT INTO Items (receipt, ordinal, item) VALUES (26198,  3,   '50-APP');
INSERT INTO Items (receipt, ordinal, item) VALUES (26198,  4,   '20-BC-L-10');
INSERT INTO Items (receipt, ordinal, item) VALUES (26198,  5,   '70-R');
INSERT INTO Items (receipt, ordinal, item) VALUES (78179,  1,   '51-BLU');
INSERT INTO Items (receipt, ordinal, item) VALUES (78179,  2,   '50-CHS');
INSERT INTO Items (receipt, ordinal, item) VALUES (78179,  3,   '90-BLK-PF');
INSERT INTO Items (receipt, ordinal, item) VALUES (78179,  4,   '45-CO');
INSERT INTO Items (receipt, ordinal, item) VALUES (78179,  5,   '70-R');
INSERT INTO Items (receipt, ordinal, item) VALUES (68890,  1,   '50-ALM');
INSERT INTO Items (receipt, ordinal, item) VALUES (75526,  1,   '90-LEM-11');
INSERT INTO Items (receipt, ordinal, item) VALUES (86162,  1,   '51-BLU');
INSERT INTO Items (receipt, ordinal, item) VALUES (86162,  2,   '50-ALM');
INSERT INTO Items (receipt, ordinal, item) VALUES (86162,  3,   '50-CHS');
INSERT INTO Items (receipt, ordinal, item) VALUES (86162,  4,   '70-TU');
INSERT INTO Items (receipt, ordinal, item) VALUES (86162,  5,   '50-ALM');
INSERT INTO Items (receipt, ordinal, item) VALUES (13496,  1,   '70-W');
INSERT INTO Items (receipt, ordinal, item) VALUES (13496,  2,   '90-ALM-I');
INSERT INTO Items (receipt, ordinal, item) VALUES (13496,  3,   '51-ATW');
INSERT INTO Items (receipt, ordinal, item) VALUES (13496,  4,   '50-APP');
INSERT INTO Items (receipt, ordinal, item) VALUES (60469,  1,   '51-APR');
INSERT INTO Items (receipt, ordinal, item) VALUES (50660,  1,   '70-TU');
INSERT INTO Items (receipt, ordinal, item) VALUES (50660,  2,   '90-APIE-10');
INSERT INTO Items (receipt, ordinal, item) VALUES (64553,  1,   '51-BC');
INSERT INTO Items (receipt, ordinal, item) VALUES (64553,  2,   '90-APP-11');
INSERT INTO Items (receipt, ordinal, item) VALUES (64553,  3,   '70-LEM');
INSERT INTO Items (receipt, ordinal, item) VALUES (64553,  4,   '90-APP-11');
INSERT INTO Items (receipt, ordinal, item) VALUES (57784,  1,   '90-CH-PF');
INSERT INTO Items (receipt, ordinal, item) VALUES (84258,  1,   '51-APP');
INSERT INTO Items (receipt, ordinal, item) VALUES (84258,  2,   '51-BC');
INSERT INTO Items (receipt, ordinal, item) VALUES (68199,  1,   '51-APR');
INSERT INTO Items (receipt, ordinal, item) VALUES (68199,  2,   '24-8x10');
INSERT INTO Items (receipt, ordinal, item) VALUES (78187,  1,   '51-ATW');
INSERT INTO Items (receipt, ordinal, item) VALUES (78187,  2,   '51-ATW');
INSERT INTO Items (receipt, ordinal, item) VALUES (81517,  1,   '70-M-CH-DZ');
INSERT INTO Items (receipt, ordinal, item) VALUES (81517,  2,   '51-ATW');
INSERT INTO Items (receipt, ordinal, item) VALUES (18951,  1,   '51-APR');
INSERT INTO Items (receipt, ordinal, item) VALUES (20411,  1,   '90-APP-11');
INSERT INTO Items (receipt, ordinal, item) VALUES (20411,  2,   '90-APR-PF');
INSERT INTO Items (receipt, ordinal, item) VALUES (55494,  1,   '90-APP-11');
INSERT INTO Items (receipt, ordinal, item) VALUES (55494,  2,   '45-VA');
INSERT INTO Items (receipt, ordinal, item) VALUES (42162,  1,   '70-M-VA-SM-DZ');
INSERT INTO Items (receipt, ordinal, item) VALUES (49977,  1,   '26-8x10');
INSERT INTO Items (receipt, ordinal, item) VALUES (49977,  2,   '45-CO');
INSERT INTO Items (receipt, ordinal, item) VALUES (49977,  3,   '45-CH');
INSERT INTO Items (receipt, ordinal, item) VALUES (49977,  4,   '20-BC-L-10');
INSERT INTO Items (receipt, ordinal, item) VALUES (89638,  1,   '70-M-CH-DZ');
INSERT INTO Items (receipt, ordinal, item) VALUES (89638,  2,   '70-M-CH-DZ');
INSERT INTO Items (receipt, ordinal, item) VALUES (89638,  3,   '50-ALM');
INSERT INTO Items (receipt, ordinal, item) VALUES (89638,  4,   '90-CH-PF');
INSERT INTO Items (receipt, ordinal, item) VALUES (73438,  1,   '90-CHR-11');
INSERT INTO Items (receipt, ordinal, item) VALUES (73438,  2,   '50-APR');
INSERT INTO Items (receipt, ordinal, item) VALUES (96258,  1,   '90-CHR-11');
INSERT INTO Items (receipt, ordinal, item) VALUES (96258,  2,   '90-BLK-PF');
INSERT INTO Items (receipt, ordinal, item) VALUES (96258,  3,   '24-8x10');
INSERT INTO Items (receipt, ordinal, item) VALUES (96258,  4,   '70-LEM');
INSERT INTO Items (receipt, ordinal, item) VALUES (19258,  1,   '90-CHR-11');
INSERT INTO Items (receipt, ordinal, item) VALUES (12800,  1,   '70-LEM');
INSERT INTO Items (receipt, ordinal, item) VALUES (12800,  2,   '20-CA-7.5');
INSERT INTO Items (receipt, ordinal, item) VALUES (12800,  3,   '90-ALM-I');
INSERT INTO Items (receipt, ordinal, item) VALUES (12800,  4,   '90-APR-PF');
INSERT INTO Items (receipt, ordinal, item) VALUES (81368,  1,   '50-CHS');
INSERT INTO Items (receipt, ordinal, item) VALUES (81368,  2,   '90-CH-PF');
INSERT INTO Items (receipt, ordinal, item) VALUES (70655,  1,   '26-8x10');
INSERT INTO Items (receipt, ordinal, item) VALUES (70655,  2,   '70-TU');
INSERT INTO Items (receipt, ordinal, item) VALUES (70655,  3,   '90-ALM-I');
INSERT INTO Items (receipt, ordinal, item) VALUES (70655,  4,   '45-CO');
INSERT INTO Items (receipt, ordinal, item) VALUES (19002,  1,   '26-8x10');
INSERT INTO Items (receipt, ordinal, item) VALUES (19002,  2,   '25-STR-9');
INSERT INTO Items (receipt, ordinal, item) VALUES (31874,  1,   '70-MAR');
INSERT INTO Items (receipt, ordinal, item) VALUES (31874,  2,   '70-MAR');
INSERT INTO Items (receipt, ordinal, item) VALUES (31874,  3,   '90-LEM-11');
INSERT INTO Items (receipt, ordinal, item) VALUES (72207,  1,   '70-MAR');
INSERT INTO Items (receipt, ordinal, item) VALUES (72207,  2,   '20-CA-7.5');
INSERT INTO Items (receipt, ordinal, item) VALUES (65091,  1,   '51-APR');
INSERT INTO Items (receipt, ordinal, item) VALUES (42833,  1,   '90-CHR-11');
INSERT INTO Items (receipt, ordinal, item) VALUES (42833,  2,   '70-W');
INSERT INTO Items (receipt, ordinal, item) VALUES (42833,  3,   '51-BC');
INSERT INTO Items (receipt, ordinal, item) VALUES (72949,  1,   '51-APR');
INSERT INTO Items (receipt, ordinal, item) VALUES (72949,  2,   '70-LEM');
INSERT INTO Items (receipt, ordinal, item) VALUES (72949,  3,   '90-BLK-PF');
INSERT INTO Items (receipt, ordinal, item) VALUES (72949,  4,   '51-BLU');
INSERT INTO Items (receipt, ordinal, item) VALUES (72949,  5,   '70-W');
INSERT INTO Items (receipt, ordinal, item) VALUES (46248,  1,   '70-M-CH-DZ');
INSERT INTO Items (receipt, ordinal, item) VALUES (38849,  1,   '45-VA');
INSERT INTO Items (receipt, ordinal, item) VALUES (38849,  2,   '70-M-VA-SM-DZ');
INSERT INTO Items (receipt, ordinal, item) VALUES (38849,  3,   '46-11');
INSERT INTO Items (receipt, ordinal, item) VALUES (38849,  4,   '51-ATW');
INSERT INTO Items (receipt, ordinal, item) VALUES (38849,  5,   '50-APR');
INSERT INTO Items (receipt, ordinal, item) VALUES (86861,  1,   '20-BC-L-10');
INSERT INTO Items (receipt, ordinal, item) VALUES (86861,  2,   '50-CHS');
INSERT INTO Items (receipt, ordinal, item) VALUES (86861,  3,   '70-GON');
INSERT INTO Items (receipt, ordinal, item) VALUES (86861,  4,   '51-BLU');
INSERT INTO Items (receipt, ordinal, item) VALUES (32701,  1,   '90-BLK-PF');
INSERT INTO Items (receipt, ordinal, item) VALUES (32701,  2,   '50-APR');
INSERT INTO Items (receipt, ordinal, item) VALUES (32701,  3,   '20-CA-7.5');
INSERT INTO Items (receipt, ordinal, item) VALUES (89182,  1,   '51-APR');
INSERT INTO Items (receipt, ordinal, item) VALUES (89182,  2,   '51-APP');
INSERT INTO Items (receipt, ordinal, item) VALUES (89182,  3,   '70-LEM');
INSERT INTO Items (receipt, ordinal, item) VALUES (89182,  4,   '50-ALM');
INSERT INTO Items (receipt, ordinal, item) VALUES (89182,  5,   '45-CH');
INSERT INTO Items (receipt, ordinal, item) VALUES (68753,  1,   '70-R');
INSERT INTO Items (receipt, ordinal, item) VALUES (68753,  2,   '46-11');
INSERT INTO Items (receipt, ordinal, item) VALUES (68753,  3,   '51-BLU');
INSERT INTO Items (receipt, ordinal, item) VALUES (68753,  4,   '70-W');
INSERT INTO Items (receipt, ordinal, item) VALUES (68753,  5,   '51-BC');
INSERT INTO Items (receipt, ordinal, item) VALUES (39217,  1,   '90-ALM-I');
INSERT INTO Items (receipt, ordinal, item) VALUES (39217,  2,   '51-ATW');
INSERT INTO Items (receipt, ordinal, item) VALUES (39217,  3,   '45-CH');
INSERT INTO Items (receipt, ordinal, item) VALUES (39217,  4,   '90-BLK-PF');
INSERT INTO Items (receipt, ordinal, item) VALUES (96531,  1,   '24-8x10');
INSERT INTO Items (receipt, ordinal, item) VALUES (96531,  2,   '50-APP');
INSERT INTO Items (receipt, ordinal, item) VALUES (96531,  3,   '70-GA');
INSERT INTO Items (receipt, ordinal, item) VALUES (96531,  4,   '50-CHS');
INSERT INTO Items (receipt, ordinal, item) VALUES (53922,  1,   '70-M-VA-SM-DZ');
INSERT INTO Items (receipt, ordinal, item) VALUES (53922,  2,   '46-11');
INSERT INTO Items (receipt, ordinal, item) VALUES (53922,  3,   '20-BC-L-10');
INSERT INTO Items (receipt, ordinal, item) VALUES (53922,  4,   '70-GON');
INSERT INTO Items (receipt, ordinal, item) VALUES (64477,  1,   '70-TU');
INSERT INTO Items (receipt, ordinal, item) VALUES (64477,  2,   '90-PEC-11');
INSERT INTO Items (receipt, ordinal, item) VALUES (64477,  3,   '90-BLK-PF');
INSERT INTO Items (receipt, ordinal, item) VALUES (64477,  4,   '51-ATW');
INSERT INTO Items (receipt, ordinal, item) VALUES (64477,  5,   '20-CA-7.5');
INSERT INTO Items (receipt, ordinal, item) VALUES (99058,  1,   '50-CHS');
INSERT INTO Items (receipt, ordinal, item) VALUES (99058,  2,   '90-BLU-11');
INSERT INTO Items (receipt, ordinal, item) VALUES (99058,  3,   '51-BLU');
INSERT INTO Items (receipt, ordinal, item) VALUES (99058,  4,   '45-CH');
INSERT INTO Items (receipt, ordinal, item) VALUES (99058,  5,   '90-CHR-11');
INSERT INTO Items (receipt, ordinal, item) VALUES (77032,  1,   '50-CH');
INSERT INTO Items (receipt, ordinal, item) VALUES (77032,  2,   '46-11');
INSERT INTO Items (receipt, ordinal, item) VALUES (77032,  3,   '50-ALM');
INSERT INTO Items (receipt, ordinal, item) VALUES (77032,  4,   '70-MAR');
INSERT INTO Items (receipt, ordinal, item) VALUES (15286,  1,   '70-MAR');
INSERT INTO Items (receipt, ordinal, item) VALUES (15286,  2,   '50-APP');
INSERT INTO Items (receipt, ordinal, item) VALUES (15286,  3,   '90-APR-PF');
INSERT INTO Items (receipt, ordinal, item) VALUES (59774,  1,   '51-BLU');
INSERT INTO Items (receipt, ordinal, item) VALUES (59774,  2,   '70-GA');
INSERT INTO Items (receipt, ordinal, item) VALUES (59774,  3,   '90-ALM-I');
INSERT INTO Items (receipt, ordinal, item) VALUES (35073,  1,   '90-CHR-11');
INSERT INTO Items (receipt, ordinal, item) VALUES (35073,  2,   '70-GON');
INSERT INTO Items (receipt, ordinal, item) VALUES (34910,  1,   '51-APP');
INSERT INTO Items (receipt, ordinal, item) VALUES (34910,  2,   '24-8x10');
INSERT INTO Items (receipt, ordinal, item) VALUES (34910,  3,   '90-PEC-11');
INSERT INTO Items (receipt, ordinal, item) VALUES (34910,  4,   '51-BC');
INSERT INTO Items (receipt, ordinal, item) VALUES (17685,  1,   '20-BC-L-10');
INSERT INTO Items (receipt, ordinal, item) VALUES (17685,  2,   '50-APP');
INSERT INTO Items (receipt, ordinal, item) VALUES (17685,  3,   '51-ATW');
INSERT INTO Items (receipt, ordinal, item) VALUES (17685,  4,   '70-MAR');
INSERT INTO Items (receipt, ordinal, item) VALUES (45062,  1,   '50-CHS');
INSERT INTO Items (receipt, ordinal, item) VALUES (45062,  2,   '20-CA-7.5');
INSERT INTO Items (receipt, ordinal, item) VALUES (39109,  1,   '90-APIE-10');
INSERT INTO Items (receipt, ordinal, item) VALUES (39109,  2,   '90-APP-11');
INSERT INTO Items (receipt, ordinal, item) VALUES (37063,  1,   '70-TU');
INSERT INTO Items (receipt, ordinal, item) VALUES (37063,  2,   '90-APP-11');
INSERT INTO Items (receipt, ordinal, item) VALUES (37063,  3,   '70-W');
INSERT INTO Items (receipt, ordinal, item) VALUES (18567,  1,   '70-LEM');
INSERT INTO Items (receipt, ordinal, item) VALUES (18567,  2,   '90-APR-PF');
INSERT INTO Items (receipt, ordinal, item) VALUES (37586,  1,   '70-TU');
INSERT INTO Items (receipt, ordinal, item) VALUES (62707,  1,   '70-R');
INSERT INTO Items (receipt, ordinal, item) VALUES (62707,  2,   '90-CHR-11');
INSERT INTO Items (receipt, ordinal, item) VALUES (62707,  3,   '20-BC-L-10');
INSERT INTO Items (receipt, ordinal, item) VALUES (62707,  4,   '90-APR-PF');
INSERT INTO Items (receipt, ordinal, item) VALUES (28117,  1,   '90-CH-PF');
INSERT INTO Items (receipt, ordinal, item) VALUES (28117,  2,   '50-APP');
INSERT INTO Items (receipt, ordinal, item) VALUES (28117,  3,   '25-STR-9');
INSERT INTO Items (receipt, ordinal, item) VALUES (64574,  1,   '51-ATW');
INSERT INTO Items (receipt, ordinal, item) VALUES (64574,  2,   '70-TU');
INSERT INTO Items (receipt, ordinal, item) VALUES (64574,  3,   '70-W');
INSERT INTO Items (receipt, ordinal, item) VALUES (40305,  1,   '20-CA-7.5');
INSERT INTO Items (receipt, ordinal, item) VALUES (40305,  2,   '70-GA');
INSERT INTO Items (receipt, ordinal, item) VALUES (33060,  1,   '45-CO');
INSERT INTO Items (receipt, ordinal, item) VALUES (33060,  2,   '46-11');
INSERT INTO Items (receipt, ordinal, item) VALUES (33060,  3,   '90-BLK-PF');
INSERT INTO Items (receipt, ordinal, item) VALUES (12396,  1,   '90-BER-11');
INSERT INTO Items (receipt, ordinal, item) VALUES (12396,  2,   '70-M-VA-SM-DZ');
INSERT INTO Items (receipt, ordinal, item) VALUES (12396,  3,   '51-BC');
INSERT INTO Items (receipt, ordinal, item) VALUES (12396,  4,   '90-APR-PF');
INSERT INTO Items (receipt, ordinal, item) VALUES (12396,  5,   '20-CA-7.5');
INSERT INTO Items (receipt, ordinal, item) VALUES (43103,  1,   '70-M-CH-DZ');
INSERT INTO Items (receipt, ordinal, item) VALUES (39575,  1,   '70-M-CH-DZ');
INSERT INTO Items (receipt, ordinal, item) VALUES (70162,  1,   '46-11');
INSERT INTO Items (receipt, ordinal, item) VALUES (70162,  2,   '70-M-CH-DZ');
INSERT INTO Items (receipt, ordinal, item) VALUES (70162,  3,   '50-APR');
INSERT INTO Items (receipt, ordinal, item) VALUES (70162,  4,   '70-MAR');
INSERT INTO Items (receipt, ordinal, item) VALUES (23034,  1,   '70-M-CH-DZ');
INSERT INTO Items (receipt, ordinal, item) VALUES (23034,  2,   '90-APR-PF');
INSERT INTO Items (receipt, ordinal, item) VALUES (79296,  1,   '90-PEC-11');
INSERT INTO Items (receipt, ordinal, item) VALUES (79296,  2,   '50-APR');
INSERT INTO Items (receipt, ordinal, item) VALUES (79296,  3,   '90-ALM-I');
INSERT INTO Items (receipt, ordinal, item) VALUES (79296,  4,   '51-BC');
INSERT INTO Items (receipt, ordinal, item) VALUES (79296,  5,   '90-PEC-11');
INSERT INTO Items (receipt, ordinal, item) VALUES (74741,  1,   '90-APP-11');
INSERT INTO Items (receipt, ordinal, item) VALUES (74741,  2,   '51-APP');
INSERT INTO Items (receipt, ordinal, item) VALUES (74741,  3,   '70-MAR');
INSERT INTO Items (receipt, ordinal, item) VALUES (98806,  1,   '26-8x10');
INSERT INTO Items (receipt, ordinal, item) VALUES (98806,  2,   '50-APR');
INSERT INTO Items (receipt, ordinal, item) VALUES (98806,  3,   '90-APIE-10');
INSERT INTO Items (receipt, ordinal, item) VALUES (98806,  4,   '51-APP');
INSERT INTO Items (receipt, ordinal, item) VALUES (43752,  1,   '90-BLU-11');
INSERT INTO Items (receipt, ordinal, item) VALUES (47353,  1,   '90-APR-PF');
INSERT INTO Items (receipt, ordinal, item) VALUES (47353,  2,   '90-APIE-10');
INSERT INTO Items (receipt, ordinal, item) VALUES (47353,  3,   '70-TU');
INSERT INTO Items (receipt, ordinal, item) VALUES (47353,  4,   '90-BLK-PF');
INSERT INTO Items (receipt, ordinal, item) VALUES (39829,  1,   '20-BC-L-10');
INSERT INTO Items (receipt, ordinal, item) VALUES (87454,  1,   '90-APIE-10');
INSERT INTO Items (receipt, ordinal, item) VALUES (87454,  2,   '50-APP');
INSERT INTO Items (receipt, ordinal, item) VALUES (76663,  1,   '25-STR-9');
INSERT INTO Items (receipt, ordinal, item) VALUES (76663,  2,   '90-APP-11');
INSERT INTO Items (receipt, ordinal, item) VALUES (85492,  1,   '70-M-CH-DZ');
INSERT INTO Items (receipt, ordinal, item) VALUES (85492,  2,   '25-STR-9');
INSERT INTO Items (receipt, ordinal, item) VALUES (85492,  3,   '90-BLU-11');
INSERT INTO Items (receipt, ordinal, item) VALUES (85492,  4,   '70-M-CH-DZ');
INSERT INTO Items (receipt, ordinal, item) VALUES (48647,  1,   '51-BC');
INSERT INTO Items (receipt, ordinal, item) VALUES (48647,  2,   '90-APIE-10');
INSERT INTO Items (receipt, ordinal, item) VALUES (48647,  3,   '90-CHR-11');
INSERT INTO Items (receipt, ordinal, item) VALUES (61008,  1,   '20-CA-7.5');
INSERT INTO Items (receipt, ordinal, item) VALUES (61008,  2,   '90-APP-11');
INSERT INTO Items (receipt, ordinal, item) VALUES (96402,  1,   '50-ALM');
INSERT INTO Items (receipt, ordinal, item) VALUES (96402,  2,   '20-CA-7.5');
INSERT INTO Items (receipt, ordinal, item) VALUES (96402,  3,   '90-APP-11');
INSERT INTO Items (receipt, ordinal, item) VALUES (35904,  1,   '46-11');
INSERT INTO Items (receipt, ordinal, item) VALUES (35904,  2,   '90-APR-PF');
INSERT INTO Items (receipt, ordinal, item) VALUES (49845,  1,   '90-BLK-PF');
INSERT INTO Items (receipt, ordinal, item) VALUES (49845,  2,   '70-LEM');
INSERT INTO Items (receipt, ordinal, item) VALUES (49845,  3,   '50-CH');
INSERT INTO Items (receipt, ordinal, item) VALUES (49845,  4,   '90-PEC-11');
INSERT INTO Items (receipt, ordinal, item) VALUES (46014,  1,   '51-ATW');
INSERT INTO Items (receipt, ordinal, item) VALUES (46014,  2,   '90-APR-PF');
INSERT INTO Items (receipt, ordinal, item) VALUES (46014,  3,   '45-VA');
INSERT INTO Items (receipt, ordinal, item) VALUES (46014,  4,   '90-CH-PF');
INSERT INTO Items (receipt, ordinal, item) VALUES (46014,  5,   '90-BLK-PF');
INSERT INTO Items (receipt, ordinal, item) VALUES (46876,  1,   '70-TU');
INSERT INTO Items (receipt, ordinal, item) VALUES (46876,  2,   '51-APP');
INSERT INTO Items (receipt, ordinal, item) VALUES (34579,  1,   '24-8x10');
INSERT INTO Items (receipt, ordinal, item) VALUES (34579,  2,   '70-GA');
INSERT INTO Items (receipt, ordinal, item) VALUES (34579,  3,   '70-TU');
INSERT INTO Items (receipt, ordinal, item) VALUES (34579,  4,   '26-8x10');
INSERT INTO Items (receipt, ordinal, item) VALUES (17729,  1,   '51-ATW');
INSERT INTO Items (receipt, ordinal, item) VALUES (17729,  2,   '50-APP');
INSERT INTO Items (receipt, ordinal, item) VALUES (17729,  3,   '90-BLU-11');
INSERT INTO Items (receipt, ordinal, item) VALUES (17729,  4,   '90-CH-PF');
INSERT INTO Items (receipt, ordinal, item) VALUES (17729,  5,   '20-CA-7.5');
INSERT INTO Items (receipt, ordinal, item) VALUES (74952,  1,   '45-VA');
INSERT INTO Items (receipt, ordinal, item) VALUES (74952,  2,   '90-APP-11');
INSERT INTO Items (receipt, ordinal, item) VALUES (74952,  3,   '90-BER-11');
INSERT INTO Items (receipt, ordinal, item) VALUES (61948,  1,   '70-MAR');
INSERT INTO Items (receipt, ordinal, item) VALUES (61948,  2,   '70-GON');
INSERT INTO Items (receipt, ordinal, item) VALUES (61948,  3,   '45-CH');
INSERT INTO Items (receipt, ordinal, item) VALUES (61948,  4,   '24-8x10');
INSERT INTO Items (receipt, ordinal, item) VALUES (41064,  1,   '70-R');
INSERT INTO Items (receipt, ordinal, item) VALUES (41064,  2,   '90-APR-PF');
INSERT INTO Items (receipt, ordinal, item) VALUES (41064,  3,   '51-APP');
INSERT INTO Items (receipt, ordinal, item) VALUES (17947,  1,   '50-APP');
INSERT INTO Items (receipt, ordinal, item) VALUES (20913,  1,   '90-LEM-11');
INSERT INTO Items (receipt, ordinal, item) VALUES (20913,  2,   '70-M-CH-DZ');
INSERT INTO Items (receipt, ordinal, item) VALUES (20913,  3,   '70-LEM');
INSERT INTO Items (receipt, ordinal, item) VALUES (95514,  1,   '45-CH');
INSERT INTO Items (receipt, ordinal, item) VALUES (95514,  2,   '46-11');
INSERT INTO Items (receipt, ordinal, item) VALUES (95514,  3,   '70-MAR');
INSERT INTO Items (receipt, ordinal, item) VALUES (95514,  4,   '51-APP');
INSERT INTO Items (receipt, ordinal, item) VALUES (24829,  1,   '20-CA-7.5');
INSERT INTO Items (receipt, ordinal, item) VALUES (44590,  1,   '90-BLU-11');
INSERT INTO Items (receipt, ordinal, item) VALUES (44590,  2,   '24-8x10');
INSERT INTO Items (receipt, ordinal, item) VALUES (44590,  3,   '90-BLU-11');
INSERT INTO Items (receipt, ordinal, item) VALUES (44590,  4,   '45-CH');
INSERT INTO Items (receipt, ordinal, item) VALUES (44590,  5,   '90-PEC-11');
INSERT INTO Items (receipt, ordinal, item) VALUES (65165,  1,   '24-8x10');
INSERT INTO Items (receipt, ordinal, item) VALUES (65165,  2,   '90-ALM-I');
INSERT INTO Items (receipt, ordinal, item) VALUES (65165,  3,   '70-R');
INSERT INTO Items (receipt, ordinal, item) VALUES (65165,  4,   '45-CO');
INSERT INTO Items (receipt, ordinal, item) VALUES (89588,  1,   '90-BLK-PF');
INSERT INTO Items (receipt, ordinal, item) VALUES (53240,  1,   '25-STR-9');
INSERT INTO Items (receipt, ordinal, item) VALUES (53240,  2,   '51-ATW');
INSERT INTO Items (receipt, ordinal, item) VALUES (46674,  1,   '51-BC');
INSERT INTO Items (receipt, ordinal, item) VALUES (67946,  1,   '90-PEC-11');
INSERT INTO Items (receipt, ordinal, item) VALUES (67946,  2,   '90-APR-PF');
INSERT INTO Items (receipt, ordinal, item) VALUES (67946,  3,   '90-APR-PF');
INSERT INTO Items (receipt, ordinal, item) VALUES (67946,  4,   '90-LEM-11');
INSERT INTO Items (receipt, ordinal, item) VALUES (31233,  1,   '70-M-VA-SM-DZ');
INSERT INTO Items (receipt, ordinal, item) VALUES (31233,  2,   '50-APR');
INSERT INTO Items (receipt, ordinal, item) VALUES (31233,  3,   '50-CHS');
INSERT INTO Items (receipt, ordinal, item) VALUES (31233,  4,   '51-BC');
INSERT INTO Items (receipt, ordinal, item) VALUES (15904,  1,   '90-CH-PF');
INSERT INTO Items (receipt, ordinal, item) VALUES (17488,  1,   '50-APP');
INSERT INTO Items (receipt, ordinal, item) VALUES (97097,  1,   '70-MAR');
INSERT INTO Items (receipt, ordinal, item) VALUES (50512,  1,   '90-APP-11');
INSERT INTO Items (receipt, ordinal, item) VALUES (11548,  1,   '45-CO');
INSERT INTO Items (receipt, ordinal, item) VALUES (11548,  2,   '90-APIE-10');
INSERT INTO Items (receipt, ordinal, item) VALUES (29908,  1,   '45-VA');
INSERT INTO Items (receipt, ordinal, item) VALUES (29908,  2,   '51-ATW');
INSERT INTO Items (receipt, ordinal, item) VALUES (29908,  3,   '25-STR-9');
INSERT INTO Items (receipt, ordinal, item) VALUES (29908,  4,   '70-GA');
INSERT INTO Items (receipt, ordinal, item) VALUES (29908,  5,   '90-CH-PF');
INSERT INTO Items (receipt, ordinal, item) VALUES (20127,  1,   '90-BER-11');
INSERT INTO Items (receipt, ordinal, item) VALUES (20127,  2,   '70-M-CH-DZ');
INSERT INTO Items (receipt, ordinal, item) VALUES (41963,  1,   '50-ALM');
INSERT INTO Items (receipt, ordinal, item) VALUES (41963,  2,   '90-CH-PF');
INSERT INTO Items (receipt, ordinal, item) VALUES (16532,  1,   '50-APP');
INSERT INTO Items (receipt, ordinal, item) VALUES (16532,  2,   '70-MAR');
INSERT INTO Items (receipt, ordinal, item) VALUES (16532,  3,   '70-TU');
INSERT INTO Items (receipt, ordinal, item) VALUES (16532,  4,   '24-8x10');
INSERT INTO Items (receipt, ordinal, item) VALUES (34378,  1,   '90-CHR-11');
INSERT INTO Items (receipt, ordinal, item) VALUES (34378,  2,   '45-VA');
INSERT INTO Receipts (receiptNum, soldDate, customerId) VALUES (18129,  '28-Oct-2007',  15);
INSERT INTO Receipts (receiptNum, soldDate, customerId) VALUES (51991,  '17-Oct-2007',  14);
INSERT INTO Receipts (receiptNum, soldDate, customerId) VALUES (83085,  '12-Oct-2007',  7);
INSERT INTO Receipts (receiptNum, soldDate, customerId) VALUES (70723,  '28-Oct-2007',  20);
INSERT INTO Receipts (receiptNum, soldDate, customerId) VALUES (13355,  '19-Oct-2007',  7);
INSERT INTO Receipts (receiptNum, soldDate, customerId) VALUES (52761,  '27-Oct-2007',  8);
INSERT INTO Receipts (receiptNum, soldDate, customerId) VALUES (99002,  '13-Oct-2007',  20);
INSERT INTO Receipts (receiptNum, soldDate, customerId) VALUES (58770,  '22-Oct-2007',  18);
INSERT INTO Receipts (receiptNum, soldDate, customerId) VALUES (84665,  '10-Oct-2007',  6);
INSERT INTO Receipts (receiptNum, soldDate, customerId) VALUES (55944,  '16-Oct-2007',  19);
INSERT INTO Receipts (receiptNum, soldDate, customerId) VALUES (42166,  '14-Oct-2007',  8);
INSERT INTO Receipts (receiptNum, soldDate, customerId) VALUES (16034,  '10-Oct-2007',  4);
INSERT INTO Receipts (receiptNum, soldDate, customerId) VALUES (25906,  '29-Oct-2007',  15);
INSERT INTO Receipts (receiptNum, soldDate, customerId) VALUES (27741,  '25-Oct-2007',  8);
INSERT INTO Receipts (receiptNum, soldDate, customerId) VALUES (64451,  '10-Oct-2007',  11);
INSERT INTO Receipts (receiptNum, soldDate, customerId) VALUES (41028,  '6-Oct-2007',  17);
INSERT INTO Receipts (receiptNum, soldDate, customerId) VALUES (73716,  '29-Oct-2007',  18);
INSERT INTO Receipts (receiptNum, soldDate, customerId) VALUES (76667,  '14-Oct-2007',  15);
INSERT INTO Receipts (receiptNum, soldDate, customerId) VALUES (21040,  '3-Oct-2007',  6);
INSERT INTO Receipts (receiptNum, soldDate, customerId) VALUES (48332,  '15-Oct-2007',  20);
INSERT INTO Receipts (receiptNum, soldDate, customerId) VALUES (35011,  '10-Oct-2007',  20);
INSERT INTO Receipts (receiptNum, soldDate, customerId) VALUES (95962,  '26-Oct-2007',  8);
INSERT INTO Receipts (receiptNum, soldDate, customerId) VALUES (44798,  '4-Oct-2007',  16);
INSERT INTO Receipts (receiptNum, soldDate, customerId) VALUES (60270,  '31-Oct-2007',  11);
INSERT INTO Receipts (receiptNum, soldDate, customerId) VALUES (21162,  '4-Oct-2007',  8);
INSERT INTO Receipts (receiptNum, soldDate, customerId) VALUES (77406,  '9-Oct-2007',  13);
INSERT INTO Receipts (receiptNum, soldDate, customerId) VALUES (32565,  '24-Oct-2007',  14);
INSERT INTO Receipts (receiptNum, soldDate, customerId) VALUES (36343,  '31-Oct-2007',  19);
INSERT INTO Receipts (receiptNum, soldDate, customerId) VALUES (96619,  '7-Oct-2007',  18);
INSERT INTO Receipts (receiptNum, soldDate, customerId) VALUES (86678,  '24-Oct-2007',  3);
INSERT INTO Receipts (receiptNum, soldDate, customerId) VALUES (44330,  '20-Oct-2007',  18);
INSERT INTO Receipts (receiptNum, soldDate, customerId) VALUES (91937,  '21-Oct-2007',  12);
INSERT INTO Receipts (receiptNum, soldDate, customerId) VALUES (21545,  '22-Oct-2007',  12);
INSERT INTO Receipts (receiptNum, soldDate, customerId) VALUES (29226,  '26-Oct-2007',  14);
INSERT INTO Receipts (receiptNum, soldDate, customerId) VALUES (25121,  '20-Oct-2007',  18);
INSERT INTO Receipts (receiptNum, soldDate, customerId) VALUES (54935,  '16-Oct-2007',  14);
INSERT INTO Receipts (receiptNum, soldDate, customerId) VALUES (36423,  '24-Oct-2007',  16);
INSERT INTO Receipts (receiptNum, soldDate, customerId) VALUES (83437,  '15-Oct-2007',  8);
INSERT INTO Receipts (receiptNum, soldDate, customerId) VALUES (49854,  '12-Oct-2007',  2);
INSERT INTO Receipts (receiptNum, soldDate, customerId) VALUES (99994,  '21-Oct-2007',  6);
INSERT INTO Receipts (receiptNum, soldDate, customerId) VALUES (21622,  '10-Oct-2007',  7);
INSERT INTO Receipts (receiptNum, soldDate, customerId) VALUES (64861,  '15-Oct-2007',  10);
INSERT INTO Receipts (receiptNum, soldDate, customerId) VALUES (33456,  '5-Oct-2007',  16);
INSERT INTO Receipts (receiptNum, soldDate, customerId) VALUES (75468,  '21-Oct-2007',  10);
INSERT INTO Receipts (receiptNum, soldDate, customerId) VALUES (56365,  '14-Oct-2007',  12);
INSERT INTO Receipts (receiptNum, soldDate, customerId) VALUES (91192,  '10-Oct-2007',  5);
INSERT INTO Receipts (receiptNum, soldDate, customerId) VALUES (82056,  '7-Oct-2007',  18);
INSERT INTO Receipts (receiptNum, soldDate, customerId) VALUES (27192,  '28-Oct-2007',  9);
INSERT INTO Receipts (receiptNum, soldDate, customerId) VALUES (59716,  '30-Oct-2007',  2);
INSERT INTO Receipts (receiptNum, soldDate, customerId) VALUES (82795,  '8-Oct-2007',  15);
INSERT INTO Receipts (receiptNum, soldDate, customerId) VALUES (26240,  '7-Oct-2007',  16);
INSERT INTO Receipts (receiptNum, soldDate, customerId) VALUES (56724,  '9-Oct-2007',  13);
INSERT INTO Receipts (receiptNum, soldDate, customerId) VALUES (70796,  '31-Oct-2007',  12);
INSERT INTO Receipts (receiptNum, soldDate, customerId) VALUES (37636,  '20-Oct-2007',  1);
INSERT INTO Receipts (receiptNum, soldDate, customerId) VALUES (63998,  '13-Oct-2007',  20);
INSERT INTO Receipts (receiptNum, soldDate, customerId) VALUES (48981,  '24-Oct-2007',  20);
INSERT INTO Receipts (receiptNum, soldDate, customerId) VALUES (66704,  '29-Oct-2007',  14);
INSERT INTO Receipts (receiptNum, soldDate, customerId) VALUES (12698,  '23-Oct-2007',  19);
INSERT INTO Receipts (receiptNum, soldDate, customerId) VALUES (79287,  '30-Oct-2007',  8);
INSERT INTO Receipts (receiptNum, soldDate, customerId) VALUES (55690,  '15-Oct-2007',  19);
INSERT INTO Receipts (receiptNum, soldDate, customerId) VALUES (94371,  '22-Oct-2007',  8);
INSERT INTO Receipts (receiptNum, soldDate, customerId) VALUES (26148,  '19-Oct-2007',  20);
INSERT INTO Receipts (receiptNum, soldDate, customerId) VALUES (11923,  '9-Oct-2007',  15);
INSERT INTO Receipts (receiptNum, soldDate, customerId) VALUES (46598,  '3-Oct-2007',  14);
INSERT INTO Receipts (receiptNum, soldDate, customerId) VALUES (76951,  '27-Oct-2007',  14);
INSERT INTO Receipts (receiptNum, soldDate, customerId) VALUES (85858,  '31-Oct-2007',  1);
INSERT INTO Receipts (receiptNum, soldDate, customerId) VALUES (85881,  '13-Oct-2007',  1);
INSERT INTO Receipts (receiptNum, soldDate, customerId) VALUES (89937,  '20-Oct-2007',  7);
INSERT INTO Receipts (receiptNum, soldDate, customerId) VALUES (66227,  '10-Oct-2007',  1);
INSERT INTO Receipts (receiptNum, soldDate, customerId) VALUES (60240,  '17-Oct-2007',  17);
INSERT INTO Receipts (receiptNum, soldDate, customerId) VALUES (86085,  '16-Oct-2007',  1);
INSERT INTO Receipts (receiptNum, soldDate, customerId) VALUES (67314,  '23-Oct-2007',  6);
INSERT INTO Receipts (receiptNum, soldDate, customerId) VALUES (10013,  '17-Oct-2007',  15);
INSERT INTO Receipts (receiptNum, soldDate, customerId) VALUES (26741,  '24-Oct-2007',  7);
INSERT INTO Receipts (receiptNum, soldDate, customerId) VALUES (38157,  '23-Oct-2007',  16);
INSERT INTO Receipts (receiptNum, soldDate, customerId) VALUES (45873,  '5-Oct-2007',  13);
INSERT INTO Receipts (receiptNum, soldDate, customerId) VALUES (37540,  '3-Oct-2007',  20);
INSERT INTO Receipts (receiptNum, soldDate, customerId) VALUES (11891,  '30-Oct-2007',  7);
INSERT INTO Receipts (receiptNum, soldDate, customerId) VALUES (61797,  '30-Oct-2007',  8);
INSERT INTO Receipts (receiptNum, soldDate, customerId) VALUES (52369,  '15-Oct-2007',  5);
INSERT INTO Receipts (receiptNum, soldDate, customerId) VALUES (96430,  '4-Oct-2007',  18);
INSERT INTO Receipts (receiptNum, soldDate, customerId) VALUES (64301,  '12-Oct-2007',  14);
INSERT INTO Receipts (receiptNum, soldDate, customerId) VALUES (45976,  '3-Oct-2007',  10);
INSERT INTO Receipts (receiptNum, soldDate, customerId) VALUES (39605,  '12-Oct-2007',  12);
INSERT INTO Receipts (receiptNum, soldDate, customerId) VALUES (52013,  '5-Oct-2007',  13);
INSERT INTO Receipts (receiptNum, soldDate, customerId) VALUES (88626,  '25-Oct-2007',  17);
INSERT INTO Receipts (receiptNum, soldDate, customerId) VALUES (53376,  '30-Oct-2007',  8);
INSERT INTO Receipts (receiptNum, soldDate, customerId) VALUES (15584,  '13-Oct-2007',  3);
INSERT INTO Receipts (receiptNum, soldDate, customerId) VALUES (73437,  '1-Oct-2007',  6);
INSERT INTO Receipts (receiptNum, soldDate, customerId) VALUES (24200,  '16-Oct-2007',  9);
INSERT INTO Receipts (receiptNum, soldDate, customerId) VALUES (92252,  '25-Oct-2007',  7);
INSERT INTO Receipts (receiptNum, soldDate, customerId) VALUES (39685,  '28-Oct-2007',  1);
INSERT INTO Receipts (receiptNum, soldDate, customerId) VALUES (61378,  '8-Oct-2007',  11);
INSERT INTO Receipts (receiptNum, soldDate, customerId) VALUES (96761,  '14-Oct-2007',  20);
INSERT INTO Receipts (receiptNum, soldDate, customerId) VALUES (26198,  '12-Oct-2007',  11);
INSERT INTO Receipts (receiptNum, soldDate, customerId) VALUES (78179,  '24-Oct-2007',  14);
INSERT INTO Receipts (receiptNum, soldDate, customerId) VALUES (68890,  '27-Oct-2007',  7);
INSERT INTO Receipts (receiptNum, soldDate, customerId) VALUES (75526,  '22-Oct-2007',  18);
INSERT INTO Receipts (receiptNum, soldDate, customerId) VALUES (86162,  '10-Oct-2007',  16);
INSERT INTO Receipts (receiptNum, soldDate, customerId) VALUES (13496,  '30-Oct-2007',  11);
INSERT INTO Receipts (receiptNum, soldDate, customerId) VALUES (60469,  '20-Oct-2007',  4);
INSERT INTO Receipts (receiptNum, soldDate, customerId) VALUES (50660,  '18-Oct-2007',  9);
INSERT INTO Receipts (receiptNum, soldDate, customerId) VALUES (64553,  '8-Oct-2007',  17);
INSERT INTO Receipts (receiptNum, soldDate, customerId) VALUES (57784,  '15-Oct-2007',  7);
INSERT INTO Receipts (receiptNum, soldDate, customerId) VALUES (84258,  '22-Oct-2007',  2);
INSERT INTO Receipts (receiptNum, soldDate, customerId) VALUES (68199,  '4-Oct-2007',  9);
INSERT INTO Receipts (receiptNum, soldDate, customerId) VALUES (78187,  '17-Oct-2007',  14);
INSERT INTO Receipts (receiptNum, soldDate, customerId) VALUES (81517,  '10-Oct-2007',  1);
INSERT INTO Receipts (receiptNum, soldDate, customerId) VALUES (18951,  '14-Oct-2007',  20);
INSERT INTO Receipts (receiptNum, soldDate, customerId) VALUES (20411,  '8-Oct-2007',  7);
INSERT INTO Receipts (receiptNum, soldDate, customerId) VALUES (55494,  '20-Oct-2007',  15);
INSERT INTO Receipts (receiptNum, soldDate, customerId) VALUES (42162,  '16-Oct-2007',  7);
INSERT INTO Receipts (receiptNum, soldDate, customerId) VALUES (49977,  '18-Oct-2007',  3);
INSERT INTO Receipts (receiptNum, soldDate, customerId) VALUES (89638,  '7-Oct-2007',  4);
INSERT INTO Receipts (receiptNum, soldDate, customerId) VALUES (73438,  '18-Oct-2007',  10);
INSERT INTO Receipts (receiptNum, soldDate, customerId) VALUES (96258,  '12-Oct-2007',  8);
INSERT INTO Receipts (receiptNum, soldDate, customerId) VALUES (19258,  '25-Oct-2007',  5);
INSERT INTO Receipts (receiptNum, soldDate, customerId) VALUES (12800,  '22-Oct-2007',  11);
INSERT INTO Receipts (receiptNum, soldDate, customerId) VALUES (81368,  '17-Oct-2007',  19);
INSERT INTO Receipts (receiptNum, soldDate, customerId) VALUES (70655,  '6-Oct-2007',  2);
INSERT INTO Receipts (receiptNum, soldDate, customerId) VALUES (19002,  '19-Oct-2007',  6);
INSERT INTO Receipts (receiptNum, soldDate, customerId) VALUES (31874,  '13-Oct-2007',  2);
INSERT INTO Receipts (receiptNum, soldDate, customerId) VALUES (72207,  '15-Oct-2007',  1);
INSERT INTO Receipts (receiptNum, soldDate, customerId) VALUES (65091,  '9-Oct-2007',  17);
INSERT INTO Receipts (receiptNum, soldDate, customerId) VALUES (42833,  '22-Oct-2007',  3);
INSERT INTO Receipts (receiptNum, soldDate, customerId) VALUES (72949,  '2-Oct-2007',  6);
INSERT INTO Receipts (receiptNum, soldDate, customerId) VALUES (46248,  '12-Oct-2007',  11);
INSERT INTO Receipts (receiptNum, soldDate, customerId) VALUES (38849,  '25-Oct-2007',  1);
INSERT INTO Receipts (receiptNum, soldDate, customerId) VALUES (86861,  '26-Oct-2007',  9);
INSERT INTO Receipts (receiptNum, soldDate, customerId) VALUES (32701,  '19-Oct-2007',  16);
INSERT INTO Receipts (receiptNum, soldDate, customerId) VALUES (89182,  '29-Oct-2007',  5);
INSERT INTO Receipts (receiptNum, soldDate, customerId) VALUES (68753,  '11-Oct-2007',  5);
INSERT INTO Receipts (receiptNum, soldDate, customerId) VALUES (39217,  '19-Oct-2007',  20);
INSERT INTO Receipts (receiptNum, soldDate, customerId) VALUES (96531,  '12-Oct-2007',  8);
INSERT INTO Receipts (receiptNum, soldDate, customerId) VALUES (53922,  '13-Oct-2007',  2);
INSERT INTO Receipts (receiptNum, soldDate, customerId) VALUES (64477,  '16-Oct-2007',  6);
INSERT INTO Receipts (receiptNum, soldDate, customerId) VALUES (99058,  '3-Oct-2007',  14);
INSERT INTO Receipts (receiptNum, soldDate, customerId) VALUES (77032,  '28-Oct-2007',  14);
INSERT INTO Receipts (receiptNum, soldDate, customerId) VALUES (15286,  '11-Oct-2007',  6);
INSERT INTO Receipts (receiptNum, soldDate, customerId) VALUES (59774,  '2-Oct-2007',  16);
INSERT INTO Receipts (receiptNum, soldDate, customerId) VALUES (35073,  '23-Oct-2007',  5);
INSERT INTO Receipts (receiptNum, soldDate, customerId) VALUES (34910,  '7-Oct-2007',  20);
INSERT INTO Receipts (receiptNum, soldDate, customerId) VALUES (17685,  '2-Oct-2007',  12);
INSERT INTO Receipts (receiptNum, soldDate, customerId) VALUES (45062,  '23-Oct-2007',  1);
INSERT INTO Receipts (receiptNum, soldDate, customerId) VALUES (39109,  '2-Oct-2007',  16);
INSERT INTO Receipts (receiptNum, soldDate, customerId) VALUES (37063,  '22-Oct-2007',  14);
INSERT INTO Receipts (receiptNum, soldDate, customerId) VALUES (18567,  '13-Oct-2007',  7);
INSERT INTO Receipts (receiptNum, soldDate, customerId) VALUES (37586,  '3-Oct-2007',  8);
INSERT INTO Receipts (receiptNum, soldDate, customerId) VALUES (62707,  '7-Oct-2007',  8);
INSERT INTO Receipts (receiptNum, soldDate, customerId) VALUES (28117,  '9-Oct-2007',  5);
INSERT INTO Receipts (receiptNum, soldDate, customerId) VALUES (64574,  '2-Oct-2007',  6);
INSERT INTO Receipts (receiptNum, soldDate, customerId) VALUES (40305,  '25-Oct-2007',  8);
INSERT INTO Receipts (receiptNum, soldDate, customerId) VALUES (33060,  '29-Oct-2007',  20);
INSERT INTO Receipts (receiptNum, soldDate, customerId) VALUES (12396,  '10-Oct-2007',  10);
INSERT INTO Receipts (receiptNum, soldDate, customerId) VALUES (43103,  '7-Oct-2007',  4);
INSERT INTO Receipts (receiptNum, soldDate, customerId) VALUES (39575,  '20-Oct-2007',  20);
INSERT INTO Receipts (receiptNum, soldDate, customerId) VALUES (70162,  '9-Oct-2007',  19);
INSERT INTO Receipts (receiptNum, soldDate, customerId) VALUES (23034,  '15-Oct-2007',  17);
INSERT INTO Receipts (receiptNum, soldDate, customerId) VALUES (79296,  '3-Oct-2007',  19);
INSERT INTO Receipts (receiptNum, soldDate, customerId) VALUES (74741,  '12-Oct-2007',  20);
INSERT INTO Receipts (receiptNum, soldDate, customerId) VALUES (98806,  '15-Oct-2007',  17);
INSERT INTO Receipts (receiptNum, soldDate, customerId) VALUES (43752,  '5-Oct-2007',  5);
INSERT INTO Receipts (receiptNum, soldDate, customerId) VALUES (47353,  '12-Oct-2007',  6);
INSERT INTO Receipts (receiptNum, soldDate, customerId) VALUES (39829,  '31-Oct-2007',  3);
INSERT INTO Receipts (receiptNum, soldDate, customerId) VALUES (87454,  '21-Oct-2007',  6);
INSERT INTO Receipts (receiptNum, soldDate, customerId) VALUES (76663,  '4-Oct-2007',  10);
INSERT INTO Receipts (receiptNum, soldDate, customerId) VALUES (85492,  '20-Oct-2007',  12);
INSERT INTO Receipts (receiptNum, soldDate, customerId) VALUES (48647,  '9-Oct-2007',  3);
INSERT INTO Receipts (receiptNum, soldDate, customerId) VALUES (61008,  '9-Oct-2007',  14);
INSERT INTO Receipts (receiptNum, soldDate, customerId) VALUES (96402,  '4-Oct-2007',  6);
INSERT INTO Receipts (receiptNum, soldDate, customerId) VALUES (35904,  '21-Oct-2007',  10);
INSERT INTO Receipts (receiptNum, soldDate, customerId) VALUES (49845,  '31-Oct-2007',  20);
INSERT INTO Receipts (receiptNum, soldDate, customerId) VALUES (46014,  '16-Oct-2007',  15);
INSERT INTO Receipts (receiptNum, soldDate, customerId) VALUES (46876,  '6-Oct-2007',  13);
INSERT INTO Receipts (receiptNum, soldDate, customerId) VALUES (34579,  '8-Oct-2007',  7);
INSERT INTO Receipts (receiptNum, soldDate, customerId) VALUES (17729,  '16-Oct-2007',  16);
INSERT INTO Receipts (receiptNum, soldDate, customerId) VALUES (74952,  '16-Oct-2007',  5);
INSERT INTO Receipts (receiptNum, soldDate, customerId) VALUES (61948,  '4-Oct-2007',  5);
INSERT INTO Receipts (receiptNum, soldDate, customerId) VALUES (41064,  '25-Oct-2007',  16);
INSERT INTO Receipts (receiptNum, soldDate, customerId) VALUES (17947,  '27-Oct-2007',  7);
INSERT INTO Receipts (receiptNum, soldDate, customerId) VALUES (20913,  '7-Oct-2007',  8);
INSERT INTO Receipts (receiptNum, soldDate, customerId) VALUES (95514,  '9-Oct-2007',  10);
INSERT INTO Receipts (receiptNum, soldDate, customerId) VALUES (24829,  '7-Oct-2007',  15);
INSERT INTO Receipts (receiptNum, soldDate, customerId) VALUES (44590,  '12-Oct-2007',  1);
INSERT INTO Receipts (receiptNum, soldDate, customerId) VALUES (65165,  '4-Oct-2007',  4);
INSERT INTO Receipts (receiptNum, soldDate, customerId) VALUES (89588,  '9-Oct-2007',  7);
INSERT INTO Receipts (receiptNum, soldDate, customerId) VALUES (53240,  '3-Oct-2007',  14);
INSERT INTO Receipts (receiptNum, soldDate, customerId) VALUES (46674,  '29-Oct-2007',  15);
INSERT INTO Receipts (receiptNum, soldDate, customerId) VALUES (67946,  '18-Oct-2007',  7);
INSERT INTO Receipts (receiptNum, soldDate, customerId) VALUES (31233,  '20-Oct-2007',  13);
INSERT INTO Receipts (receiptNum, soldDate, customerId) VALUES (15904,  '6-Oct-2007',  13);
INSERT INTO Receipts (receiptNum, soldDate, customerId) VALUES (17488,  '20-Oct-2007',  6);
INSERT INTO Receipts (receiptNum, soldDate, customerId) VALUES (97097,  '23-Oct-2007',  9);
INSERT INTO Receipts (receiptNum, soldDate, customerId) VALUES (50512,  '27-Oct-2007',  8);
INSERT INTO Receipts (receiptNum, soldDate, customerId) VALUES (11548,  '21-Oct-2007',  13);
INSERT INTO Receipts (receiptNum, soldDate, customerId) VALUES (29908,  '14-Oct-2007',  13);
INSERT INTO Receipts (receiptNum, soldDate, customerId) VALUES (20127,  '7-Oct-2007',  15);
INSERT INTO Receipts (receiptNum, soldDate, customerId) VALUES (41963,  '29-Oct-2007',  8);
INSERT INTO Receipts (receiptNum, soldDate, customerId) VALUES (16532,  '21-Oct-2007',  4);
INSERT INTO Receipts (receiptNum, soldDate, customerId) VALUES (34378,  '23-Oct-2007',  6);
